{
    "pressure": 747.8451228592703,
    "wind": 2.7066269545793,
    "clouds": 0.6577380952380952
}