{
    "pressure": 759.6445108289769,
    "wind": 2.4630321135175506,
    "clouds": 0.7272727272727273
}